filename,{{{pdf}}},{{{2_components/sidebar.html0}}},{{{2_components/sidebar.html1}}},{{{2_components/sidebar.html2}}},{{{2_components/sidebar.html3}}},{{{2_components/sidebar.html4}}},{{{2_components/sidebar.html5}}},{{{2_components/sidebar.html6}}},{{{2_components/sidebar.html7}}},{{{2_components/sidebar.html8}}},{{{2_components/sidebar.html9}}},{{{2_components/sidebar.html10}}},{{{2_components/sidebar.html11}}},{{{2_components/sidebar.html12}}},{{{2_components/sidebar.html13}}},{{{2_components/sidebar.html14}}},{{{2_components/sidebar.html15}}},{{{2_components/sidebar.html16}}},{{{2_components/sidebar.html17}}},{{{2_components/sidebar.html18}}},{{{2_components/sidebar.html19}}}
Bristol English 01.0 CVCs matching cards.html,1 CVCs/Bristol English 01.0 CVCs matching cards.pdf,collapse show,collapse,collapse,collapse,collapse,collapse,collapse,collapse,collapse,collapse,collapse,collapse,collapse,collapse,collapse,collapse,collapse,collapse,collapse,collapse
Bristol English 01.1 CVCs worksheet.html,1 CVCs/Bristol English 01.1 CVCs worksheet.pdf,collapse show,collapse,collapse,collapse,collapse,collapse,collapse,collapse,collapse,collapse,collapse,collapse,collapse,collapse,collapse,collapse,collapse,collapse,collapse,collapse
Bristol English 01.2 CVCs vowels provided.html,1 CVCs/Bristol English 01.2 CVCs vowels provided.pdf,collapse show,collapse,collapse,collapse,collapse,collapse,collapse,collapse,collapse,collapse,collapse,collapse,collapse,collapse,collapse,collapse,collapse,collapse,collapse,collapse
Bristol English 01.3 CVC pictures to talk about.html,1 CVCs/Bristol English 01.3 CVC pictures to talk about.pdf,collapse show,collapse,collapse,collapse,collapse,collapse,collapse,collapse,collapse,collapse,collapse,collapse,collapse,collapse,collapse,collapse,collapse,collapse,collapse,collapse
How to use the worksheets in section 1.html,1 CVCs/How to use the worksheets in section 1.pdf,collapse show,collapse,collapse,collapse,collapse,collapse,collapse,collapse,collapse,collapse,collapse,collapse,collapse,collapse,collapse,collapse,collapse,collapse,collapse,collapse
Bristol English 02.0  four and five letter phonetic words matching cards.html,2 Four and five letter words/Bristol English 02.0  four and five letter phonetic words matching cards.pdf,collapse,collapse show,collapse,collapse,collapse,collapse,collapse,collapse,collapse,collapse,collapse,collapse,collapse,collapse,collapse,collapse,collapse,collapse,collapse,collapse
Bristol English 02.1 four and five letter phonetic words worksheet.html,2 Four and five letter words/Bristol English 02.1 four and five letter phonetic words worksheet.pdf,collapse,collapse show,collapse,collapse,collapse,collapse,collapse,collapse,collapse,collapse,collapse,collapse,collapse,collapse,collapse,collapse,collapse,collapse,collapse,collapse
Bristol English 02.2 four and five letter phonetic words vowels provided.html,2 Four and five letter words/Bristol English 02.2 four and five letter phonetic words vowels provided.pdf,collapse,collapse show,collapse,collapse,collapse,collapse,collapse,collapse,collapse,collapse,collapse,collapse,collapse,collapse,collapse,collapse,collapse,collapse,collapse,collapse
Bristol English 02.3 four and five letter phonetic words crossword.html,2 Four and five letter words/Bristol English 02.3 four and five letter phonetic words crossword.pdf,collapse,collapse show,collapse,collapse,collapse,collapse,collapse,collapse,collapse,collapse,collapse,collapse,collapse,collapse,collapse,collapse,collapse,collapse,collapse,collapse
How to use the worksheets in section 2.html,2 Four and five letter words/How to use the worksheets in section 2.pdf,collapse,collapse show,collapse,collapse,collapse,collapse,collapse,collapse,collapse,collapse,collapse,collapse,collapse,collapse,collapse,collapse,collapse,collapse,collapse,collapse
Bristol English 03.0 common nouns matching cards.html,3 Common nouns/Bristol English 03.0 common nouns matching cards.pdf,collapse,collapse,collapse show,collapse,collapse,collapse,collapse,collapse,collapse,collapse,collapse,collapse,collapse,collapse,collapse,collapse,collapse,collapse,collapse,collapse
Bristol English 03.1 common nouns worksheet.html,3 Common nouns/Bristol English 03.1 common nouns worksheet.pdf,collapse,collapse,collapse show,collapse,collapse,collapse,collapse,collapse,collapse,collapse,collapse,collapse,collapse,collapse,collapse,collapse,collapse,collapse,collapse,collapse
Bristol English 03.2  common nouns vowels provided.html,3 Common nouns/Bristol English 03.2  common nouns vowels provided.pdf,collapse,collapse,collapse show,collapse,collapse,collapse,collapse,collapse,collapse,collapse,collapse,collapse,collapse,collapse,collapse,collapse,collapse,collapse,collapse,collapse
Bristol English 03.3  common nouns crossword.html,3 Common nouns/Bristol English 03.3  common nouns crossword.pdf,collapse,collapse,collapse show,collapse,collapse,collapse,collapse,collapse,collapse,collapse,collapse,collapse,collapse,collapse,collapse,collapse,collapse,collapse,collapse,collapse
How to use the worksheets in section 3.html,3 Common nouns/How to use the worksheets in section 3.pdf,collapse,collapse,collapse show,collapse,collapse,collapse,collapse,collapse,collapse,collapse,collapse,collapse,collapse,collapse,collapse,collapse,collapse,collapse,collapse,collapse
Bristol English 04.0  more common nouns matching cards.html,4 More common nouns/Bristol English 04.0  more common nouns matching cards.pdf,collapse,collapse,collapse,collapse show,collapse,collapse,collapse,collapse,collapse,collapse,collapse,collapse,collapse,collapse,collapse,collapse,collapse,collapse,collapse,collapse
Bristol English 04.1  more common nouns worksheet.html,4 More common nouns/Bristol English 04.1  more common nouns worksheet.pdf,collapse,collapse,collapse,collapse show,collapse,collapse,collapse,collapse,collapse,collapse,collapse,collapse,collapse,collapse,collapse,collapse,collapse,collapse,collapse,collapse
Bristol English 04.2  alphabet complete.html,4 More common nouns/Bristol English 04.2  alphabet complete.pdf,collapse,collapse,collapse,collapse show,collapse,collapse,collapse,collapse,collapse,collapse,collapse,collapse,collapse,collapse,collapse,collapse,collapse,collapse,collapse,collapse
How to use the worksheets in section 4.html,4 More common nouns/How to use the worksheets in section 4.pdf,collapse,collapse,collapse,collapse show,collapse,collapse,collapse,collapse,collapse,collapse,collapse,collapse,collapse,collapse,collapse,collapse,collapse,collapse,collapse,collapse
Bristol English 05.0  food 1 matching cards.html,5 Food matching/Bristol English 05.0  food 1 matching cards.pdf,collapse,collapse,collapse,collapse,collapse show,collapse,collapse,collapse,collapse,collapse,collapse,collapse,collapse,collapse,collapse,collapse,collapse,collapse,collapse,collapse
Bristol English 05.1 food 1 worksheet.html,5 Food matching/Bristol English 05.1 food 1 worksheet.pdf,collapse,collapse,collapse,collapse,collapse show,collapse,collapse,collapse,collapse,collapse,collapse,collapse,collapse,collapse,collapse,collapse,collapse,collapse,collapse,collapse
Bristol English 05.2 food 1 where is the banana top left.html,5 Food matching/Bristol English 05.2 food 1 where is the banana top left.pdf,collapse,collapse,collapse,collapse,collapse show,collapse,collapse,collapse,collapse,collapse,collapse,collapse,collapse,collapse,collapse,collapse,collapse,collapse,collapse,collapse
Bristol English 05.3 food 1 pictures for discussion.html,5 Food matching/Bristol English 05.3 food 1 pictures for discussion.pdf,collapse,collapse,collapse,collapse,collapse show,collapse,collapse,collapse,collapse,collapse,collapse,collapse,collapse,collapse,collapse,collapse,collapse,collapse,collapse,collapse
Bristol English 05.4 food 1 crossword.html,5 Food matching/Bristol English 05.4 food 1 crossword.pdf,collapse,collapse,collapse,collapse,collapse show,collapse,collapse,collapse,collapse,collapse,collapse,collapse,collapse,collapse,collapse,collapse,collapse,collapse,collapse,collapse
How to use the worksheets in section 5.html,5 Food matching/How to use the worksheets in section 5.pdf,collapse,collapse,collapse,collapse,collapse show,collapse,collapse,collapse,collapse,collapse,collapse,collapse,collapse,collapse,collapse,collapse,collapse,collapse,collapse,collapse
Bristol English 06.0 food 2 matching cards.html,6 Food crossword/Bristol English 06.0 food 2 matching cards.pdf,collapse,collapse,collapse,collapse,collapse,collapse show,collapse,collapse,collapse,collapse,collapse,collapse,collapse,collapse,collapse,collapse,collapse,collapse,collapse,collapse
Bristol English 06.1 food 2 worksheet.html,6 Food crossword/Bristol English 06.1 food 2 worksheet.pdf,collapse,collapse,collapse,collapse,collapse,collapse show,collapse,collapse,collapse,collapse,collapse,collapse,collapse,collapse,collapse,collapse,collapse,collapse,collapse,collapse
Bristol English 06.2 food 2 crossword.html,6 Food crossword/Bristol English 06.2 food 2 crossword.pdf,collapse,collapse,collapse,collapse,collapse,collapse show,collapse,collapse,collapse,collapse,collapse,collapse,collapse,collapse,collapse,collapse,collapse,collapse,collapse,collapse
Bristol English 06.3 food 2 where is the cake top right.html,6 Food crossword/Bristol English 06.3 food 2 where is the cake top right.pdf,collapse,collapse,collapse,collapse,collapse,collapse show,collapse,collapse,collapse,collapse,collapse,collapse,collapse,collapse,collapse,collapse,collapse,collapse,collapse,collapse
Bristol English 06.4 aisles and shelves vocab for supermarket dialogue.html,6 Food crossword/Bristol English 06.4 aisles and shelves vocab for supermarket dialogue.pdf,collapse,collapse,collapse,collapse,collapse,collapse show,collapse,collapse,collapse,collapse,collapse,collapse,collapse,collapse,collapse,collapse,collapse,collapse,collapse,collapse
Bristol English 06.5 Supermarket dialogue Asking where things are.html,6 Food crossword/Bristol English 06.5 Supermarket dialogue Asking where things are.pdf,collapse,collapse,collapse,collapse,collapse,collapse show,collapse,collapse,collapse,collapse,collapse,collapse,collapse,collapse,collapse,collapse,collapse,collapse,collapse,collapse
Bristol English 06.5 aisles and shelves vocab worksheet.html,6 Food crossword/Bristol English 06.5 aisles and shelves vocab worksheet.pdf,collapse,collapse,collapse,collapse,collapse,collapse show,collapse,collapse,collapse,collapse,collapse,collapse,collapse,collapse,collapse,collapse,collapse,collapse,collapse,collapse
How to use the worksheets in section 6.html,6 Food crossword/How to use the worksheets in section 6.pdf,collapse,collapse,collapse,collapse,collapse,collapse show,collapse,collapse,collapse,collapse,collapse,collapse,collapse,collapse,collapse,collapse,collapse,collapse,collapse,collapse
Bristol English 07.0 clothes matching cards.html,7 Clothes matching/Bristol English 07.0 clothes matching cards.pdf,collapse,collapse,collapse,collapse,collapse,collapse,collapse show,collapse,collapse,collapse,collapse,collapse,collapse,collapse,collapse,collapse,collapse,collapse,collapse,collapse
Bristol English 07.1 clothes worksheet.html,7 Clothes matching/Bristol English 07.1 clothes worksheet.pdf,collapse,collapse,collapse,collapse,collapse,collapse,collapse show,collapse,collapse,collapse,collapse,collapse,collapse,collapse,collapse,collapse,collapse,collapse,collapse,collapse
Bristol English 07.2 clothes for discussion what are they wearing.html,7 Clothes matching/Bristol English 07.2 clothes for discussion what are they wearing.pdf,collapse,collapse,collapse,collapse,collapse,collapse,collapse show,collapse,collapse,collapse,collapse,collapse,collapse,collapse,collapse,collapse,collapse,collapse,collapse,collapse
Bristol English 07.3 clothes crossword.html,7 Clothes matching/Bristol English 07.3 clothes crossword.pdf,collapse,collapse,collapse,collapse,collapse,collapse,collapse show,collapse,collapse,collapse,collapse,collapse,collapse,collapse,collapse,collapse,collapse,collapse,collapse,collapse
Bristol English 07.4 buying clothes dialogue.html,7 Clothes matching/Bristol English 07.4 buying clothes dialogue.pdf,collapse,collapse,collapse,collapse,collapse,collapse,collapse show,collapse,collapse,collapse,collapse,collapse,collapse,collapse,collapse,collapse,collapse,collapse,collapse,collapse
How to use the worksheets in section 7.html,7 Clothes matching/How to use the worksheets in section 7.pdf,collapse,collapse,collapse,collapse,collapse,collapse,collapse show,collapse,collapse,collapse,collapse,collapse,collapse,collapse,collapse,collapse,collapse,collapse,collapse,collapse
Bristol English 08.0 what are they doing 1 matching cards.html,8 What are they doing/Bristol English 08.0 what are they doing 1 matching cards.pdf,collapse,collapse,collapse,collapse,collapse,collapse,collapse,collapse show,collapse,collapse,collapse,collapse,collapse,collapse,collapse,collapse,collapse,collapse,collapse,collapse
Bristol English 08.1 what are they doing 1 worksheet.html,8 What are they doing/Bristol English 08.1 what are they doing 1 worksheet.pdf,collapse,collapse,collapse,collapse,collapse,collapse,collapse,collapse show,collapse,collapse,collapse,collapse,collapse,collapse,collapse,collapse,collapse,collapse,collapse,collapse
Bristol English 08.2 what are they doing 1 crossword A.html,8 What are they doing/Bristol English 08.2 what are they doing 1 crossword A.pdf,collapse,collapse,collapse,collapse,collapse,collapse,collapse,collapse show,collapse,collapse,collapse,collapse,collapse,collapse,collapse,collapse,collapse,collapse,collapse,collapse
Bristol English 08.3 What are they doing 1 crossword B.html,8 What are they doing/Bristol English 08.3 What are they doing 1 crossword B.pdf,collapse,collapse,collapse,collapse,collapse,collapse,collapse,collapse show,collapse,collapse,collapse,collapse,collapse,collapse,collapse,collapse,collapse,collapse,collapse,collapse
How to use the worksheets in section 8.html,8 What are they doing/How to use the worksheets in section 8.pdf,collapse,collapse,collapse,collapse,collapse,collapse,collapse,collapse show,collapse,collapse,collapse,collapse,collapse,collapse,collapse,collapse,collapse,collapse,collapse,collapse
Bristol English 09.0 what are they doing 2 matching cards.html,9 What are they doing 2/Bristol English 09.0 what are they doing 2 matching cards.pdf,collapse,collapse,collapse,collapse,collapse,collapse,collapse,collapse,collapse show,collapse,collapse,collapse,collapse,collapse,collapse,collapse,collapse,collapse,collapse,collapse
Bristol English 09.1 what are they doing 2 worksheet.html,9 What are they doing 2/Bristol English 09.1 what are they doing 2 worksheet.pdf,collapse,collapse,collapse,collapse,collapse,collapse,collapse,collapse,collapse show,collapse,collapse,collapse,collapse,collapse,collapse,collapse,collapse,collapse,collapse,collapse
Bristol English 09.2 what are they doing 2 pictures for discussion.html,9 What are they doing 2/Bristol English 09.2 what are they doing 2 pictures for discussion.pdf,collapse,collapse,collapse,collapse,collapse,collapse,collapse,collapse,collapse show,collapse,collapse,collapse,collapse,collapse,collapse,collapse,collapse,collapse,collapse,collapse
Bristol English 09.3 What are they doing 2 crossword.html,9 What are they doing 2/Bristol English 09.3 What are they doing 2 crossword.pdf,collapse,collapse,collapse,collapse,collapse,collapse,collapse,collapse,collapse show,collapse,collapse,collapse,collapse,collapse,collapse,collapse,collapse,collapse,collapse,collapse
How to use the worksheets in section 9.html,9 What are they doing 2/How to use the worksheets in section 9.pdf,collapse,collapse,collapse,collapse,collapse,collapse,collapse,collapse,collapse show,collapse,collapse,collapse,collapse,collapse,collapse,collapse,collapse,collapse,collapse,collapse
Bristol English 10.0 kitchen images matching cards.html,10 Kitchen images/Bristol English 10.0 kitchen images matching cards.pdf,collapse,collapse,collapse,collapse,collapse,collapse,collapse,collapse,collapse,collapse show,collapse,collapse,collapse,collapse,collapse,collapse,collapse,collapse,collapse,collapse
Bristol English 10.1 kitchen images worksheet.html,10 Kitchen images/Bristol English 10.1 kitchen images worksheet.pdf,collapse,collapse,collapse,collapse,collapse,collapse,collapse,collapse,collapse,collapse show,collapse,collapse,collapse,collapse,collapse,collapse,collapse,collapse,collapse,collapse
Bristol English 10.2 kitchen images crossword 1.html,10 Kitchen images/Bristol English 10.2 kitchen images crossword 1.pdf,collapse,collapse,collapse,collapse,collapse,collapse,collapse,collapse,collapse,collapse show,collapse,collapse,collapse,collapse,collapse,collapse,collapse,collapse,collapse,collapse
Bristol English 10.3 kitchen images crossword 2.html,10 Kitchen images/Bristol English 10.3 kitchen images crossword 2.pdf,collapse,collapse,collapse,collapse,collapse,collapse,collapse,collapse,collapse,collapse show,collapse,collapse,collapse,collapse,collapse,collapse,collapse,collapse,collapse,collapse
How to use the worksheets in section 10.html,10 Kitchen images/How to use the worksheets in section 10.pdf,collapse,collapse,collapse,collapse,collapse,collapse,collapse,collapse,collapse,collapse show,collapse,collapse,collapse,collapse,collapse,collapse,collapse,collapse,collapse,collapse
Bristol English 11.0  garden matching cards.html,11 Garden/Bristol English 11.0  garden matching cards.pdf,collapse,collapse,collapse,collapse,collapse,collapse,collapse,collapse,collapse,collapse,collapse show,collapse,collapse,collapse,collapse,collapse,collapse,collapse,collapse,collapse
Bristol English 11.1  garden worksheet.html,11 Garden/Bristol English 11.1  garden worksheet.pdf,collapse,collapse,collapse,collapse,collapse,collapse,collapse,collapse,collapse,collapse,collapse show,collapse,collapse,collapse,collapse,collapse,collapse,collapse,collapse,collapse
Bristol English 11.2  garden jobs.html,11 Garden/Bristol English 11.2  garden jobs.pdf,collapse,collapse,collapse,collapse,collapse,collapse,collapse,collapse,collapse,collapse,collapse show,collapse,collapse,collapse,collapse,collapse,collapse,collapse,collapse,collapse
Bristol English 11.3 garden crossword 1.html,11 Garden/Bristol English 11.3 garden crossword 1.pdf,collapse,collapse,collapse,collapse,collapse,collapse,collapse,collapse,collapse,collapse,collapse show,collapse,collapse,collapse,collapse,collapse,collapse,collapse,collapse,collapse
Bristol English 11.4 garden crossword 2.html,11 Garden/Bristol English 11.4 garden crossword 2.pdf,collapse,collapse,collapse,collapse,collapse,collapse,collapse,collapse,collapse,collapse,collapse show,collapse,collapse,collapse,collapse,collapse,collapse,collapse,collapse,collapse
How to use the worksheets in section 11.html,11 Garden/How to use the worksheets in section 11.pdf,collapse,collapse,collapse,collapse,collapse,collapse,collapse,collapse,collapse,collapse,collapse show,collapse,collapse,collapse,collapse,collapse,collapse,collapse,collapse,collapse
Bristol English 12.0 jobs matching pairs.html,12 Jobs/Bristol English 12.0 jobs matching pairs.pdf,collapse,collapse,collapse,collapse,collapse,collapse,collapse,collapse,collapse,collapse,collapse,collapse show,collapse,collapse,collapse,collapse,collapse,collapse,collapse,collapse
Bristol English 12.1 jobs worksheet.html,12 Jobs/Bristol English 12.1 jobs worksheet.pdf,collapse,collapse,collapse,collapse,collapse,collapse,collapse,collapse,collapse,collapse,collapse,collapse show,collapse,collapse,collapse,collapse,collapse,collapse,collapse,collapse
Bristol English 12.2 tools for the job.html,12 Jobs/Bristol English 12.2 tools for the job.pdf,collapse,collapse,collapse,collapse,collapse,collapse,collapse,collapse,collapse,collapse,collapse,collapse show,collapse,collapse,collapse,collapse,collapse,collapse,collapse,collapse
Bristol English 12.3  who works here.html,12 Jobs/Bristol English 12.3  who works here.pdf,collapse,collapse,collapse,collapse,collapse,collapse,collapse,collapse,collapse,collapse,collapse,collapse show,collapse,collapse,collapse,collapse,collapse,collapse,collapse,collapse
Bristol English 12.4 job forms.html,12 Jobs/Bristol English 12.4 job forms.pdf,collapse,collapse,collapse,collapse,collapse,collapse,collapse,collapse,collapse,collapse,collapse,collapse show,collapse,collapse,collapse,collapse,collapse,collapse,collapse,collapse
How to use the worksheets in section 12.html,12 Jobs/How to use the worksheets in section 12.pdf,collapse,collapse,collapse,collapse,collapse,collapse,collapse,collapse,collapse,collapse,collapse,collapse show,collapse,collapse,collapse,collapse,collapse,collapse,collapse,collapse
Bristol English 13.0 possessions matching cards.html,13 Possessions/Bristol English 13.0 possessions matching cards.pdf,collapse,collapse,collapse,collapse,collapse,collapse,collapse,collapse,collapse,collapse,collapse,collapse,collapse show,collapse,collapse,collapse,collapse,collapse,collapse,collapse
Bristol English 13.1 possessions worksheet.html,13 Possessions/Bristol English 13.1 possessions worksheet.pdf,collapse,collapse,collapse,collapse,collapse,collapse,collapse,collapse,collapse,collapse,collapse,collapse,collapse show,collapse,collapse,collapse,collapse,collapse,collapse,collapse
Bristol English 13.2 possessions crossword.html,13 Possessions/Bristol English 13.2 possessions crossword.pdf,collapse,collapse,collapse,collapse,collapse,collapse,collapse,collapse,collapse,collapse,collapse,collapse,collapse show,collapse,collapse,collapse,collapse,collapse,collapse,collapse
Bristol English 13.3 possessions descriptions .html,13 Possessions/Bristol English 13.3 possessions descriptions .pdf,collapse,collapse,collapse,collapse,collapse,collapse,collapse,collapse,collapse,collapse,collapse,collapse,collapse show,collapse,collapse,collapse,collapse,collapse,collapse,collapse
How to use the worksheets in section 13.html,13 Possessions/How to use the worksheets in section 13.pdf,collapse,collapse,collapse,collapse,collapse,collapse,collapse,collapse,collapse,collapse,collapse,collapse,collapse show,collapse,collapse,collapse,collapse,collapse,collapse,collapse
Bristol English 14.0 family matching cards.html,14 Family/Bristol English 14.0 family matching cards.pdf,collapse,collapse,collapse,collapse,collapse,collapse,collapse,collapse,collapse,collapse,collapse,collapse,collapse,collapse show,collapse,collapse,collapse,collapse,collapse,collapse
Bristol English 14.1 family worksheet.html,14 Family/Bristol English 14.1 family worksheet.pdf,collapse,collapse,collapse,collapse,collapse,collapse,collapse,collapse,collapse,collapse,collapse,collapse,collapse,collapse show,collapse,collapse,collapse,collapse,collapse,collapse
Bristol English 14.2 family activities.html,14 Family/Bristol English 14.2 family activities.pdf,collapse,collapse,collapse,collapse,collapse,collapse,collapse,collapse,collapse,collapse,collapse,collapse,collapse,collapse show,collapse,collapse,collapse,collapse,collapse,collapse
How to use the worksheets in section 14.html,14 Family/How to use the worksheets in section 14.pdf,collapse,collapse,collapse,collapse,collapse,collapse,collapse,collapse,collapse,collapse,collapse,collapse,collapse,collapse show,collapse,collapse,collapse,collapse,collapse,collapse
Bristol English 15.0 parts of the body matching cards.html,15 Body parts/Bristol English 15.0 parts of the body matching cards.pdf,collapse,collapse,collapse,collapse,collapse,collapse,collapse,collapse,collapse,collapse,collapse,collapse,collapse,collapse,collapse show,collapse,collapse,collapse,collapse,collapse
Bristol English 15.1 parts of the body worksheet.html,15 Body parts/Bristol English 15.1 parts of the body worksheet.pdf,collapse,collapse,collapse,collapse,collapse,collapse,collapse,collapse,collapse,collapse,collapse,collapse,collapse,collapse,collapse show,collapse,collapse,collapse,collapse,collapse
Bristol English 15.2 parts of the body pictures for discussion.html,15 Body parts/Bristol English 15.2 parts of the body pictures for discussion.pdf,collapse,collapse,collapse,collapse,collapse,collapse,collapse,collapse,collapse,collapse,collapse,collapse,collapse,collapse,collapse show,collapse,collapse,collapse,collapse,collapse
Bristol English 15.3 parts of the body standing man diagram.html,15 Body parts/Bristol English 15.3 parts of the body standing man diagram.pdf,collapse,collapse,collapse,collapse,collapse,collapse,collapse,collapse,collapse,collapse,collapse,collapse,collapse,collapse,collapse show,collapse,collapse,collapse,collapse,collapse
Bristol English 15.4 parts of the body crossword.html,15 Body parts/Bristol English 15.4 parts of the body crossword.pdf,collapse,collapse,collapse,collapse,collapse,collapse,collapse,collapse,collapse,collapse,collapse,collapse,collapse,collapse,collapse show,collapse,collapse,collapse,collapse,collapse
How to use the worksheets in section 15.html,15 Body parts/How to use the worksheets in section 15.pdf,collapse,collapse,collapse,collapse,collapse,collapse,collapse,collapse,collapse,collapse,collapse,collapse,collapse,collapse,collapse show,collapse,collapse,collapse,collapse,collapse
Bristol English 16.0 numbers with digits matching pairs.html,16 Numbers/Bristol English 16.0 numbers with digits matching pairs.pdf,collapse,collapse,collapse,collapse,collapse,collapse,collapse,collapse,collapse,collapse,collapse,collapse,collapse,collapse,collapse,collapse show,collapse,collapse,collapse,collapse
Bristol English 16.2 numbers worksheet.html,16 Numbers/Bristol English 16.2 numbers worksheet.pdf,collapse,collapse,collapse,collapse,collapse,collapse,collapse,collapse,collapse,collapse,collapse,collapse,collapse,collapse,collapse,collapse show,collapse,collapse,collapse,collapse
How to use the worksheets in section 16.html,16 Numbers/How to use the worksheets in section 16.pdf,collapse,collapse,collapse,collapse,collapse,collapse,collapse,collapse,collapse,collapse,collapse,collapse,collapse,collapse,collapse,collapse show,collapse,collapse,collapse,collapse
Bristol English 18.0 four nations map with capitals.html,18 Four nations/Bristol English 18.0 four nations map with capitals.pdf,collapse,collapse,collapse,collapse,collapse,collapse,collapse,collapse,collapse,collapse,collapse,collapse,collapse,collapse,collapse,collapse,collapse show,collapse,collapse,collapse
Bristol English 18.1 four nations flag flower capital matching cards.html,18 Four nations/Bristol English 18.1 four nations flag flower capital matching cards.pdf,collapse,collapse,collapse,collapse,collapse,collapse,collapse,collapse,collapse,collapse,collapse,collapse,collapse,collapse,collapse,collapse,collapse show,collapse,collapse,collapse
Bristol English 18.2 four nations flag flower capital worksheet.html,18 Four nations/Bristol English 18.2 four nations flag flower capital worksheet.pdf,collapse,collapse,collapse,collapse,collapse,collapse,collapse,collapse,collapse,collapse,collapse,collapse,collapse,collapse,collapse,collapse,collapse show,collapse,collapse,collapse
Bristol English 18.3 four nations north south east and west matching cards.html,18 Four nations/Bristol English 18.3 four nations north south east and west matching cards.pdf,collapse,collapse,collapse,collapse,collapse,collapse,collapse,collapse,collapse,collapse,collapse,collapse,collapse,collapse,collapse,collapse,collapse show,collapse,collapse,collapse
Bristol English 18.4 four nations north south east and west worksheet.html,18 Four nations/Bristol English 18.4 four nations north south east and west worksheet.pdf,collapse,collapse,collapse,collapse,collapse,collapse,collapse,collapse,collapse,collapse,collapse,collapse,collapse,collapse,collapse,collapse,collapse show,collapse,collapse,collapse
How to use the worksheets in section 18.html,18 Four nations/How to use the worksheets in section 18.pdf,collapse,collapse,collapse,collapse,collapse,collapse,collapse,collapse,collapse,collapse,collapse,collapse,collapse,collapse,collapse,collapse,collapse show,collapse,collapse,collapse
Bristol English 19.0 hobbies matching cards.html,19 Hobbies/Bristol English 19.0 hobbies matching cards.pdf,collapse,collapse,collapse,collapse,collapse,collapse,collapse,collapse,collapse,collapse,collapse,collapse,collapse,collapse,collapse,collapse,collapse,collapse show,collapse,collapse
Bristol English 19.1 hobbies worksheet.html,19 Hobbies/Bristol English 19.1 hobbies worksheet.pdf,collapse,collapse,collapse,collapse,collapse,collapse,collapse,collapse,collapse,collapse,collapse,collapse,collapse,collapse,collapse,collapse,collapse,collapse show,collapse,collapse
Bristol English 19.2 hobbies what do I need for a hobby matching pairs.html,19 Hobbies/Bristol English 19.2 hobbies what do I need for a hobby matching pairs.pdf,collapse,collapse,collapse,collapse,collapse,collapse,collapse,collapse,collapse,collapse,collapse,collapse,collapse,collapse,collapse,collapse,collapse,collapse show,collapse,collapse
Bristol English 19.4 hobbies crossword.html,19 Hobbies/Bristol English 19.4 hobbies crossword.pdf,collapse,collapse,collapse,collapse,collapse,collapse,collapse,collapse,collapse,collapse,collapse,collapse,collapse,collapse,collapse,collapse,collapse,collapse show,collapse,collapse
How to use the worksheets in section 19.html,19 Hobbies/How to use the worksheets in section 19.pdf,collapse,collapse,collapse,collapse,collapse,collapse,collapse,collapse,collapse,collapse,collapse,collapse,collapse,collapse,collapse,collapse,collapse,collapse show,collapse,collapse
Bristol English 20.0  weather matching pairs.html,20 Weather/Bristol English 20.0  weather matching pairs.pdf,collapse,collapse,collapse,collapse,collapse,collapse,collapse,collapse,collapse,collapse,collapse,collapse,collapse,collapse,collapse,collapse,collapse,collapse,collapse show,collapse
Bristol English 20.1  weather and temperatures worksheet.html,20 Weather/Bristol English 20.1  weather and temperatures worksheet.pdf,collapse,collapse,collapse,collapse,collapse,collapse,collapse,collapse,collapse,collapse,collapse,collapse,collapse,collapse,collapse,collapse,collapse,collapse,collapse show,collapse
Bristol English 20.2  weather   good weather for flying a kite.html,20 Weather/Bristol English 20.2  weather   good weather for flying a kite.pdf,collapse,collapse,collapse,collapse,collapse,collapse,collapse,collapse,collapse,collapse,collapse,collapse,collapse,collapse,collapse,collapse,collapse,collapse,collapse show,collapse
Bristol English 20.3  weather   good weather for flying a kite worksheet.html,20 Weather/Bristol English 20.3  weather   good weather for flying a kite worksheet.pdf,collapse,collapse,collapse,collapse,collapse,collapse,collapse,collapse,collapse,collapse,collapse,collapse,collapse,collapse,collapse,collapse,collapse,collapse,collapse show,collapse
Bristol English 20.4  weather foggy weather is not good for driving.html,20 Weather/Bristol English 20.4  weather foggy weather is not good for driving.pdf,collapse,collapse,collapse,collapse,collapse,collapse,collapse,collapse,collapse,collapse,collapse,collapse,collapse,collapse,collapse,collapse,collapse,collapse,collapse show,collapse
Bristol English 20.5  weather foggy weather is not good for driving worksheet.html,20 Weather/Bristol English 20.5  weather foggy weather is not good for driving worksheet.pdf,collapse,collapse,collapse,collapse,collapse,collapse,collapse,collapse,collapse,collapse,collapse,collapse,collapse,collapse,collapse,collapse,collapse,collapse,collapse show,collapse
Bristol English 20.6 weather crossword.html,20 Weather/Bristol English 20.6 weather crossword.pdf,collapse,collapse,collapse,collapse,collapse,collapse,collapse,collapse,collapse,collapse,collapse,collapse,collapse,collapse,collapse,collapse,collapse,collapse,collapse show,collapse
How to use the worksheets in section 20.html,20 Weather/How to use the worksheets in section 20.pdf,collapse,collapse,collapse,collapse,collapse,collapse,collapse,collapse,collapse,collapse,collapse,collapse,collapse,collapse,collapse,collapse,collapse,collapse,collapse show,collapse
Bristol English 21.0 dentist matching pairs.html,21 Dentist/Bristol English 21.0 dentist matching pairs.pdf,collapse,collapse,collapse,collapse,collapse,collapse,collapse,collapse,collapse,collapse,collapse,collapse,collapse,collapse,collapse,collapse,collapse,collapse,collapse,collapse show
How to use the worksheets in section 21.html,21 Dentist/How to use the worksheets in section 21.pdf,collapse,collapse,collapse,collapse,collapse,collapse,collapse,collapse,collapse,collapse,collapse,collapse,collapse,collapse,collapse,collapse,collapse,collapse,collapse,collapse show
