filename,{{{1}}},{{{2}}},{{{3}}},{{{4}}},{{{5}}},{{{6}}},{{{7}}},{{{8}}},{{{9}}},{{{10}}},{{{11}}},{{{12}}},{{{13}}},{{{14}}},{{{15}}},{{{16}}},{{{17}}},{{{18}}},{{{19}}},{{{20}}},{{{21}}},{{{22}}},{{{23}}},{{{24}}},{{{25}}},{{{26}}},{{{27}}},{{{28}}},{{{29}}}
sidebar_proc.html,Ch0,1 CVCs,Bristol English 01.0 CVCs matching cards,Bristol English 01.0 CVCs matching cards.html,Bristol English 01.1 CVCs worksheet,Bristol English 01.1 CVCs worksheet.html,Bristol English 01.2 CVCs vowels provided,Bristol English 01.2 CVCs vowels provided.html,Bristol English 01.3 CVC pictures to talk about,Bristol English 01.3 CVC pictures to talk about.html,How to use the worksheets in section 1,How to use the worksheets in section 1.html,,,,,,,,,,,,,,,,,
sidebar_proc.html,Ch1,2 Four and five letter words,Bristol English 02.0  four and five letter phonetic words matching cards,Bristol English 02.0  four and five letter phonetic words matching cards.html,Bristol English 02.1 four and five letter phonetic words worksheet,Bristol English 02.1 four and five letter phonetic words worksheet.html,Bristol English 02.2 four and five letter phonetic words vowels provided,Bristol English 02.2 four and five letter phonetic words vowels provided.html,Bristol English 02.3 four and five letter phonetic words crossword,Bristol English 02.3 four and five letter phonetic words crossword.html,How to use the worksheets in section 2,How to use the worksheets in section 2.html,,,,,,,,,,,,,,,,,
sidebar_proc.html,Ch2,3 Common nouns,Bristol English 03.0 common nouns matching cards,Bristol English 03.0 common nouns matching cards.html,Bristol English 03.1 common nouns worksheet,Bristol English 03.1 common nouns worksheet.html,Bristol English 03.2  common nouns vowels provided,Bristol English 03.2  common nouns vowels provided.html,Bristol English 03.3  common nouns crossword,Bristol English 03.3  common nouns crossword.html,How to use the worksheets in section 3,How to use the worksheets in section 3.html,,,,,,,,,,,,,,,,,
sidebar_proc.html,Ch3,4 More common nouns,Bristol English 04.0  more common nouns matching cards,Bristol English 04.0  more common nouns matching cards.html,Bristol English 04.1  more common nouns worksheet,Bristol English 04.1  more common nouns worksheet.html,Bristol English 04.2  alphabet complete,Bristol English 04.2  alphabet complete.html,How to use the worksheets in section 4,How to use the worksheets in section 4.html,,,,,,,,,,,,,,,,,,,
sidebar_proc.html,Ch4,5 Food matching,Bristol English 05.0  food 1 matching cards,Bristol English 05.0  food 1 matching cards.html,Bristol English 05.1 food 1 worksheet,Bristol English 05.1 food 1 worksheet.html,Bristol English 05.2 food 1 where is the banana top left,Bristol English 05.2 food 1 where is the banana top left.html,Bristol English 05.3 food 1 pictures for discussion,Bristol English 05.3 food 1 pictures for discussion.html,Bristol English 05.4 food 1 crossword,Bristol English 05.4 food 1 crossword.html,How to use the worksheets in section 5,How to use the worksheets in section 5.html,,,,,,,,,,,,,,,
sidebar_proc.html,Ch5,6 Food crossword,Bristol English 06.0 food 2 matching cards,Bristol English 06.0 food 2 matching cards.html,Bristol English 06.1 food 2 worksheet,Bristol English 06.1 food 2 worksheet.html,Bristol English 06.2 food 2 crossword,Bristol English 06.2 food 2 crossword.html,Bristol English 06.3 food 2 where is the cake top right,Bristol English 06.3 food 2 where is the cake top right.html,Bristol English 06.4 aisles and shelves vocab for supermarket dialogue,Bristol English 06.4 aisles and shelves vocab for supermarket dialogue.html,Bristol English 06.5 Supermarket dialogue Asking where things are,Bristol English 06.5 Supermarket dialogue Asking where things are.html,Bristol English 06.5 aisles and shelves vocab worksheet,Bristol English 06.5 aisles and shelves vocab worksheet.html,How to use the worksheets in section 6,How to use the worksheets in section 6.html,,,,,,,,,,,
sidebar_proc.html,Ch6,7 Clothes matching,Bristol English 07.0 clothes matching cards,Bristol English 07.0 clothes matching cards.html,Bristol English 07.1 clothes worksheet,Bristol English 07.1 clothes worksheet.html,Bristol English 07.2 clothes for discussion what are they wearing,Bristol English 07.2 clothes for discussion what are they wearing.html,Bristol English 07.3 clothes crossword,Bristol English 07.3 clothes crossword.html,Bristol English 07.4 buying clothes dialogue,Bristol English 07.4 buying clothes dialogue.html,How to use the worksheets in section 7,How to use the worksheets in section 7.html,,,,,,,,,,,,,,,
sidebar_proc.html,Ch7,8 What are they doing,Bristol English 08.0 what are they doing 1 matching cards,Bristol English 08.0 what are they doing 1 matching cards.html,Bristol English 08.1 what are they doing 1 worksheet,Bristol English 08.1 what are they doing 1 worksheet.html,Bristol English 08.2 what are they doing 1 crossword A,Bristol English 08.2 what are they doing 1 crossword A.html,Bristol English 08.3 What are they doing 1 crossword B,Bristol English 08.3 What are they doing 1 crossword B.html,How to use the worksheets in section 8,How to use the worksheets in section 8.html,,,,,,,,,,,,,,,,,
sidebar_proc.html,Ch8,9 What are they doing 2,Bristol English 09.0 what are they doing 2 matching cards,Bristol English 09.0 what are they doing 2 matching cards.html,Bristol English 09.1 what are they doing 2 worksheet,Bristol English 09.1 what are they doing 2 worksheet.html,Bristol English 09.2 what are they doing 2 pictures for discussion,Bristol English 09.2 what are they doing 2 pictures for discussion.html,Bristol English 09.3 What are they doing 2 crossword,Bristol English 09.3 What are they doing 2 crossword.html,How to use the worksheets in section 9,How to use the worksheets in section 9.html,,,,,,,,,,,,,,,,,
sidebar_proc.html,Ch9,10 Kitchen images,Bristol English 10.0 kitchen images matching cards,Bristol English 10.0 kitchen images matching cards.html,Bristol English 10.1 kitchen images worksheet,Bristol English 10.1 kitchen images worksheet.html,Bristol English 10.2 kitchen images crossword 1,Bristol English 10.2 kitchen images crossword 1.html,Bristol English 10.3 kitchen images crossword 2,Bristol English 10.3 kitchen images crossword 2.html,How to use the worksheets in section 10,How to use the worksheets in section 10.html,,,,,,,,,,,,,,,,,
sidebar_proc.html,Ch10,11 Garden,Bristol English 11.0  garden matching cards,Bristol English 11.0  garden matching cards.html,Bristol English 11.1  garden worksheet,Bristol English 11.1  garden worksheet.html,Bristol English 11.2  garden jobs,Bristol English 11.2  garden jobs.html,Bristol English 11.3 garden crossword 1,Bristol English 11.3 garden crossword 1.html,Bristol English 11.4 garden crossword 2,Bristol English 11.4 garden crossword 2.html,How to use the worksheets in section 11,How to use the worksheets in section 11.html,,,,,,,,,,,,,,,
sidebar_proc.html,Ch11,12 Jobs,Bristol English 12.0 jobs matching pairs,Bristol English 12.0 jobs matching pairs.html,Bristol English 12.1 jobs worksheet,Bristol English 12.1 jobs worksheet.html,Bristol English 12.2 tools for the job,Bristol English 12.2 tools for the job.html,Bristol English 12.3  who works here,Bristol English 12.3  who works here.html,Bristol English 12.4 job forms,Bristol English 12.4 job forms.html,How to use the worksheets in section 12,How to use the worksheets in section 12.html,,,,,,,,,,,,,,,
sidebar_proc.html,Ch12,13 Possessions,Bristol English 13.0 possessions matching cards,Bristol English 13.0 possessions matching cards.html,Bristol English 13.1 possessions worksheet,Bristol English 13.1 possessions worksheet.html,Bristol English 13.2 possessions crossword,Bristol English 13.2 possessions crossword.html,Bristol English 13.3 possessions descriptions ,Bristol English 13.3 possessions descriptions .html,How to use the worksheets in section 13,How to use the worksheets in section 13.html,,,,,,,,,,,,,,,,,
sidebar_proc.html,Ch13,14 Family,Bristol English 14.0 family matching cards,Bristol English 14.0 family matching cards.html,Bristol English 14.1 family worksheet,Bristol English 14.1 family worksheet.html,Bristol English 14.2 family activities,Bristol English 14.2 family activities.html,How to use the worksheets in section 14,How to use the worksheets in section 14.html,,,,,,,,,,,,,,,,,,,
sidebar_proc.html,Ch14,15 Body parts,Bristol English 15.0 parts of the body matching cards,Bristol English 15.0 parts of the body matching cards.html,Bristol English 15.1 parts of the body worksheet,Bristol English 15.1 parts of the body worksheet.html,Bristol English 15.2 parts of the body pictures for discussion,Bristol English 15.2 parts of the body pictures for discussion.html,Bristol English 15.3 parts of the body standing man diagram,Bristol English 15.3 parts of the body standing man diagram.html,Bristol English 15.4 parts of the body crossword,Bristol English 15.4 parts of the body crossword.html,How to use the worksheets in section 15,How to use the worksheets in section 15.html,,,,,,,,,,,,,,,
sidebar_proc.html,Ch15,16 Numbers,Bristol English 16.0 numbers with digits matching pairs,Bristol English 16.0 numbers with digits matching pairs.html,Bristol English 16.2 numbers worksheet,Bristol English 16.2 numbers worksheet.html,How to use the worksheets in section 16,How to use the worksheets in section 16.html,,,,,,,,,,,,,,,,,,,,,
sidebar_proc.html,Ch16,18 Four nations,Bristol English 18.0 four nations map with capitals,Bristol English 18.0 four nations map with capitals.html,Bristol English 18.1 four nations flag flower capital matching cards,Bristol English 18.1 four nations flag flower capital matching cards.html,Bristol English 18.2 four nations flag flower capital worksheet,Bristol English 18.2 four nations flag flower capital worksheet.html,Bristol English 18.3 four nations north south east and west matching cards,Bristol English 18.3 four nations north south east and west matching cards.html,Bristol English 18.4 four nations north south east and west worksheet,Bristol English 18.4 four nations north south east and west worksheet.html,How to use the worksheets in section 18,How to use the worksheets in section 18.html,,,,,,,,,,,,,,,
sidebar_proc.html,Ch17,19 Hobbies,Bristol English 19.0 hobbies matching cards,Bristol English 19.0 hobbies matching cards.html,Bristol English 19.1 hobbies worksheet,Bristol English 19.1 hobbies worksheet.html,Bristol English 19.2 hobbies what do I need for a hobby matching pairs,Bristol English 19.2 hobbies what do I need for a hobby matching pairs.html,Bristol English 19.4 hobbies crossword,Bristol English 19.4 hobbies crossword.html,How to use the worksheets in section 19,How to use the worksheets in section 19.html,,,,,,,,,,,,,,,,,
sidebar_proc.html,Ch18,20 Weather,Bristol English 20.0  weather matching pairs,Bristol English 20.0  weather matching pairs.html,Bristol English 20.1  weather and temperatures worksheet,Bristol English 20.1  weather and temperatures worksheet.html,Bristol English 20.2  weather   good weather for flying a kite,Bristol English 20.2  weather   good weather for flying a kite.html,Bristol English 20.3  weather   good weather for flying a kite worksheet,Bristol English 20.3  weather   good weather for flying a kite worksheet.html,Bristol English 20.4  weather foggy weather is not good for driving,Bristol English 20.4  weather foggy weather is not good for driving.html,Bristol English 20.5  weather foggy weather is not good for driving worksheet,Bristol English 20.5  weather foggy weather is not good for driving worksheet.html,Bristol English 20.6 weather crossword,Bristol English 20.6 weather crossword.html,How to use the worksheets in section 20,How to use the worksheets in section 20.html,,,,,,,,,,,
sidebar_proc.html,Ch19,21 Dentist,Bristol English 21.0 dentist matching pairs,Bristol English 21.0 dentist matching pairs.html,How to use the worksheets in section 21,How to use the worksheets in section 21.html,,,,,,,,,,,,,,,,,,,,,,,
